TeamNameSpelling,MTeamID,WTeamID,espn_id
a&m-corpus chris,1394,3394,357
a&m-corpus christi,1394,3394,357
abilene chr,1101,3101,2000
abilene christian,1101,3101,2000
abilene-christian,1101,3101,2000
air force,1102,3102,2005
air-force,1102,3102,2005
akron,1103,3103,2006
alabama,1104,3104,333
alabama a&m,1105,3105,2010
alabama st,1106,3106,2011
alabama st.,1106,3106,2011
alabama state,1106,3106,2011
alabama-am,1105,3105,2010
alabama-birmingham,1412,3412,5
alabama-st,1106,3106,2011
alabama-state,1106,3106,2011
albany,1107,3107,399
albany (ny),1107,3107,399
albany ny,1107,3107,399
albany-ny,1107,3107,399
alcorn,1108,3108,2016
alcorn st,1108,3108,2016
alcorn st.,1108,3108,2016
alcorn state,1108,3108,2016
alcorn-state,1108,3108,2016
alliant international,1109,3109,
alliant intl,1109,3109,
am-corpus-chris,1394,3394,357
american,1110,3110,44
american u.,1110,3110,44
american univ,1110,3110,44
american university,1110,3110,44
american-university,1110,3110,44
appalachian st,1111,3111,2026
appalachian st.,1111,3111,2026
appalachian state,1111,3111,2026
appalachian-st,1111,3111,2026
appalachian-state,1111,3111,2026
arizona,1112,3112,12
arizona st,1113,3113,9
arizona st.,1113,3113,9
arizona state,1113,3113,9
arizona-st,1113,3113,9
arizona-state,1113,3113,9
ark little rock,1114,3114,2031
ark pine bluff,1115,3115,2029
ark-pine-bluff,1115,3115,2029
ark.-pine bluff,1115,3115,2029
arkansas,1116,3116,8
arkansas st,1117,3117,2032
arkansas st.,1117,3117,2032
arkansas state,1117,3117,2032
arkansas-little rock,1114,3114,2031
arkansas-little-rock,1114,3114,2031
arkansas-pine bluff,1115,3115,2029
arkansas-pine-bluff,1115,3115,2029
arkansas-st,1117,3117,2032
arkansas-state,1117,3117,2032
armstrong,1118,3118,
armstrong st,1118,3118,
army,1119,3119,349
army west point,1119,3119,349
army-west-point,1119,3119,349
auburn,1120,3120,2
augusta,1121,3121,
augusta state,1121,3121,
austin peay,1122,3122,2046
austin-peay,1122,3122,2046
bakersfield,1167,3167,2934
ball st,1123,3123,2050
ball st.,1123,3123,2050
ball state,1123,3123,2050
ball-st,1123,3123,2050
ball-state,1123,3123,2050
baylor,1124,3124,239
bellarmine,1468,3468,91
belmont,1125,3125,2057
bethune-cookman,1126,3126,2065
binghamton,1127,3127,2066
birmingham so,1128,3128,
birmingham southern,1128,3128,
birmingham-southern,1128,3128,
boise st,1129,3129,68
boise st.,1129,3129,68
boise state,1129,3129,68
boise-st,1129,3129,68
boise-state,1129,3129,68
boston,1131,3131,104
boston college,1130,3130,103
boston u,1131,3131,104
boston u.,1131,3131,104
boston univ,1131,3131,104
boston university,1131,3131,104
boston-college,1130,3130,103
boston-u,1131,3131,104
boston-university,1131,3131,104
bowling green,1132,3132,189
bowling green state,1132,3132,189
bowling-green,1132,3132,189
bowling-green-state,1132,3132,189
bradley,1133,3133,71
brigham young,1140,3140,252
brigham-young,1140,3140,252
brooklyn,1134,3134,
brown,1135,3135,225
bryant,1136,3136,2803
bryant university,1136,3136,2803
bucknell,1137,3137,2083
buffalo,1138,3138,2084
butler,1139,3139,2086
byu,1140,3140,252
c michigan,1141,3141,2117
cal baptist,1465,3465,2856
cal poly,1142,3142,13
cal poly slo,1142,3142,13
cal riverside,1415,3415,27
cal st. fullerton,1168,3168,2239
cal st. northridge,1169,3169,2463
cal state bakersfield,1167,3167,2934
cal state fullerton,1168,3168,2239
cal state northridge,1169,3169,2463
cal state-fullerton,1168,3168,2239
cal-poly,1142,3142,13
cal-st-fullerton,1168,3168,2239
cal-state-bakersfield,1167,3167,2934
cal-state-fullerton,1168,3168,2239
cal-state-northridge,1169,3169,2463
cal. state - bakersfield,1167,3167,2934
california,1143,3143,25
california baptist,1465,3465,2856
california-davis,1413,3413,302
california-irvine,1414,3414,300
california-riverside,1415,3415,27
california-santa barbara,1364,3364,2540
california-santa-barbara,1364,3364,2540
campbell,1144,3144,2097
canisius,1145,3145,2099
cent arkansas,1146,3146,2110
centenary,1147,3147,2113
centenary (la),1147,3147,2113
centenary-la,1147,3147,2113
central ark.,1146,3146,2110
central arkansas,1146,3146,2110
central conn,1148,3148,2115
central conn. st.,1148,3148,2115
central connecticut,1148,3148,2115
central connecticut state,1148,3148,2115
central florida,1416,3416,2116
central florida(ucf),1416,3416,2116
central mich.,1141,3141,2117
central michigan,1141,3141,2117
central-ark,1146,3146,2110
central-arkansas,1146,3146,2110
central-conn-st,1148,3148,2115
central-connecticut-state,1148,3148,2115
central-florida,1416,3416,2116
central-mich,1141,3141,2117
central-michigan,1141,3141,2117
charleston,1158,3158,232
charleston so,1149,3149,2127
charleston so.,1149,3149,2127
charleston southern,1149,3149,2127
charleston-so,1149,3149,2127
charleston-southern,1149,3149,2127
charlotte,1150,3150,2429
chattanooga,1151,3151,236
chicago st,1152,3152,2130
chicago st.,1152,3152,2130
chicago state,1152,3152,2130
chicago-st,1152,3152,2130
chicago-state,1152,3152,2130
cincinnati,1153,3153,2132
citadel,1154,,2643
clemson,1155,3155,228
cleveland st,1156,3156,325
cleveland st.,1156,3156,325
cleveland state,1156,3156,325
cleveland-st,1156,3156,325
cleveland-state,1156,3156,325
coastal car,1157,3157,324
coastal caro.,1157,3157,324
coastal carolina,1157,3157,324
coastal-caro,1157,3157,324
coastal-carolina,1157,3157,324
col charleston,1158,3158,232
col-of-charleston,1158,3158,232
col. of charleston,1158,3158,232
colgate,1159,3159,2142
college of charlesto,1158,3158,232
college of charleston,1158,3158,232
college-of-charleston,1158,3158,232
colorado,1160,3160,38
colorado st,1161,3161,36
colorado st.,1161,3161,36
colorado state,1161,3161,36
colorado-st,1161,3161,36
colorado-state,1161,3161,36
columbia,1162,3162,171
connecticut,1163,3163,41
coppin st,1164,3164,2154
coppin st.,1164,3164,2154
coppin state,1164,3164,2154
coppin-st,1164,3164,2154
coppin-state,1164,3164,2154
cornell,1165,3165,172
creighton,1166,3166,156
cs bakersfield,1167,3167,2934
cs fullerton,1168,3168,2239
cs northridge,1169,3169,2463
cs sacramento,1170,3170,16
csu bakersfield,1167,3167,2934
csu northridge,1169,3169,2463
csu-bakersfield,1167,3167,2934
csun,1169,3169,2463
dartmouth,1171,3171,159
davidson,1172,3172,2166
dayton,1173,3173,2168
delaware,1174,3174,48
delaware st,1175,3175,2169
delaware st.,1175,3175,2169
delaware state,1175,3175,2169
delaware-st,1175,3175,2169
delaware-state,1175,3175,2169
denver,1176,3176,2172
depaul,1177,3177,305
detroit,1178,3178,2174
detroit mercy,1178,3178,2174
detroit-mercy,1178,3178,2174
dixie st,1469,3469,3101
dixie state,1469,3469,3101
drake,1179,3179,2181
drexel,1180,3180,2182
duke,1181,3181,150
duquesne,1182,3182,2184
e illinois,1183,3183,2197
e kentucky,1184,3184,2198
e michigan,1185,3185,2199
e washington,1186,3186,331
east carolina,1187,3187,151
east tenn. st.,1190,3190,2193
east tennessee st.,1190,3190,2193
east tennessee state,1190,3190,2193
east-carolina,1187,3187,151
east-tennessee-state,1190,3190,2193
eastern ill.,1183,3183,2197
eastern illinois,1183,3183,2197
eastern kentucky,1184,3184,2198
eastern ky.,1184,3184,2198
eastern mich.,1185,3185,2199
eastern michigan,1185,3185,2199
eastern wash.,1186,3186,331
eastern washington,1186,3186,331
eastern-ill,1183,3183,2197
eastern-illinois,1183,3183,2197
eastern-kentucky,1184,3184,2198
eastern-ky,1184,3184,2198
eastern-mich,1185,3185,2199
eastern-michigan,1185,3185,2199
eastern-wash,1186,3186,331
eastern-washington,1186,3186,331
edwardsville,1188,3188,2565
elon,1189,3189,2210
elon university,1189,3189,2210
estern carolina,1441,3441,2717
etsu,1190,3190,2193
evansville,1191,3191,339
f dickinson,1192,3192,161
fairfield,1193,3193,2217
fairleigh dickinson,1192,3192,161
fairleigh-dickinson,1192,3192,161
fgcu,1195,3195,526
fiu,1198,3198,2229
fl atlantic,1194,3194,2226
fl gulf coast,1195,3195,526
fla-atlantic,1194,3194,2226
fla. atlantic,1194,3194,2226
florida,1196,3196,57
florida a&m,1197,3197,50
florida atlantic,1194,3194,2226
florida gulf coast,1195,3195,526
florida internationa,1198,3198,2229
florida international,1198,3198,2229
florida intl,1198,3198,2229
florida st,1199,3199,52
florida st.,1199,3199,52
florida state,1199,3199,52
florida-am,1197,3197,50
florida-atlantic,1194,3194,2226
florida-gulf-coast,1195,3195,526
florida-international,1198,3198,2229
florida-st,1199,3199,52
florida-state,1199,3199,52
fordham,1200,3200,2230
fort wayne,1236,3236,2870
fort wayne(ipfw),1236,3236,2870
fort-wayne,1236,3236,2870
fresno st,1201,3201,278
fresno st.,1201,3201,278
fresno state,1201,3201,278
fresno-st,1201,3201,278
fresno-state,1201,3201,278
furman,1202,3202,231
g washington,1203,3203,45
ga southern,1204,3204,290
ga-southern,1204,3204,290
ga. southern,1204,3204,290
gardner webb,1205,3205,2241
gardner-webb,1205,3205,2241
george mason,1206,3206,2244
george washington,1203,3203,45
george-mason,1206,3206,2244
george-washington,1203,3203,45
georgetown,1207,3207,46
georgia,1208,3208,61
georgia southern,1204,3204,290
georgia st,1209,3209,2247
georgia st.,1209,3209,2247
georgia state,1209,3209,2247
georgia tech,1210,3210,59
georgia-southern,1204,3204,290
georgia-st,1209,3209,2247
georgia-state,1209,3209,2247
georgia-tech,1210,3210,59
gonzaga,1211,3211,2250
grambling,1212,3212,2755
grambling st.,1212,3212,2755
grambling state,1212,3212,2755
grambling-state,1212,3212,2755
grand canyon,1213,3213,2253
grand-canyon,1213,3213,2253
green bay,1453,3453,2739
green-bay,1453,3453,2739
hampton,1214,3214,2261
hardin-simmons,1215,3215,2810
hartford,1216,3216,
harvard,1217,3217,108
hawai'i,1218,3218,62
hawaii,1218,3218,62
high point,1219,3219,2272
high-point,1219,3219,2272
hofstra,1220,3220,2275
holy cross,1221,3221,107
holy-cross,1221,3221,107
houston,1222,3222,248
houston bap,1223,3223,2277
houston baptist,1223,3223,2277
houston chr,1223,3223,2277
houston-baptist,1223,3223,2277
howard,1224,3224,47
idaho,1225,3225,70
idaho st,1226,3226,304
idaho st.,1226,3226,304
idaho state,1226,3226,304
idaho-st,1226,3226,304
idaho-state,1226,3226,304
il chicago,1227,3227,82
ill-chicago,1227,3227,82
ill.-chicago,1227,3227,82
illinois,1228,3228,356
illinois st,1229,3229,2287
illinois st.,1229,3229,2287
illinois state,1229,3229,2287
illinois-chicago,1227,3227,82
illinois-st,1229,3229,2287
illinois-state,1229,3229,2287
incarnate word,1230,3230,2916
incarnate-word,1230,3230,2916
indiana,1231,3231,84
indiana - purdue,1237,3237,85
indiana st,1232,3232,282
indiana st.,1232,3232,282
indiana state,1232,3232,282
indiana-st,1232,3232,282
indiana-state,1232,3232,282
iona,1233,3233,314
iowa,1234,3234,2294
iowa st,1235,3235,66
iowa st.,1235,3235,66
iowa state,1235,3235,66
iowa-st,1235,3235,66
iowa-state,1235,3235,66
ipfw,1236,3236,2870
iupu - ft. wayne,1236,3236,2870
iupu-fort wayne,1236,3236,2870
iupu-fort-wayne,1236,3236,2870
iupui,1237,3237,85
jackson st,1238,3238,2296
jackson st.,1238,3238,2296
jackson state,1238,3238,2296
jackson-st,1238,3238,2296
jackson-state,1238,3238,2296
jacksonville,1239,3239,294
jacksonville st,1240,3240,55
jacksonville st.,1240,3240,55
jacksonville state,1240,3240,55
jacksonville-st,1240,3240,55
jacksonville-state,1240,3240,55
james madison,1241,3241,256
james-madison,1241,3241,256
kansas,1242,3242,2305
kansas st,1243,3243,2306
kansas st.,1243,3243,2306
kansas state,1243,3243,2306
kansas-st,1243,3243,2306
kansas-state,1243,3243,2306
kennesaw,1244,3244,338
kennesaw st.,1244,3244,338
kennesaw state,1244,3244,338
kennesaw-st,1244,3244,338
kennesaw-state,1244,3244,338
kent,1245,3245,2309
kent st.,1245,3245,2309
kent state,1245,3245,2309
kent-st,1245,3245,2309
kent-state,1245,3245,2309
kentucky,1246,3246,96
la salle,1247,3247,2325
la-monroe,1419,3419,2433
la-salle,1247,3247,2325
la.-lafayette,1418,3418,309
la.-monroe,1419,3419,2433
lafayette,1248,3248,322
lamar,1249,3249,2320
lamar university,1249,3249,2320
lamar-university,1249,3249,2320
lehigh,1250,3250,2329
liberty,1251,3251,2335
lindenwood,1473,3473,2815
lipscomb,1252,3252,288
little rock,1114,3114,2031
little-rock,1114,3114,2031
liu brooklyn,1254,3254,112358
liu-brooklyn,1254,3254,112358
long beach st,1253,3253,299
long beach st.,1253,3253,299
long beach state,1253,3253,299
long island,1254,3254,112358
long island university,1254,3254,112358
long-beach-st,1253,3253,299
long-beach-state,1253,3253,299
long-island,1254,3254,112358
long-island-university,1254,3254,112358
longbeach state,1253,3253,299
longwood,1255,3255,2344
louisiana,1418,3418,309
louisiana state,1261,3261,99
louisiana tech,1256,3256,2348
louisiana-lafayette,1418,3418,309
louisiana-monroe,1419,3419,2433
louisiana-state,1261,3261,99
louisiana-tech,1256,3256,2348
louisville,1257,3257,97
loy marymount,1258,3258,2351
loyola (il),1260,3260,2350
loyola (md),1259,3259,2352
loyola chicago,1260,3260,2350
loyola maryland,1259,3259,2352
loyola marymount,1258,3258,2351
loyola md,1259,3259,2352
loyola-c,1260,3260,2350
loyola-chicago,1260,3260,2350
loyola-il,1260,3260,2350
loyola-maryland,1259,3259,2352
loyola-marymount,1258,3258,2351
loyola-md,1259,3259,2352
lsu,1261,3261,99
ma lowell,1262,3262,2349
maine,1263,3263,311
manhattan,1264,3264,2363
marist,1265,3265,2368
marquette,1266,3266,269
marshall,1267,3267,276
maryland,1268,3268,120
maryland - e. shore,1271,3271,2379
maryland-baltimore county,1420,3420,2378
maryland-baltimore-county,1420,3420,2378
maryland-eastern shore,1271,3271,2379
maryland-eastern-shore,1271,3271,2379
massachusetts,1269,3269,113
massachusetts lowell,1262,3262,2349
massachusetts-lowell,1262,3262,2349
mcneese,1270,3270,2377
mcneese st,1270,3270,2377
mcneese st.,1270,3270,2377
mcneese state,1270,3270,2377
mcneese-state,1270,3270,2377
md baltimore co,1420,3420,2378
md baltimore cty,1420,3420,2378
md e shore,1271,3271,2379
md. eastern shore,1271,3271,2379
memphis,1272,3272,235
mercer,1273,3273,2382
merrimack,1467,3467,2771
miami (fl),1274,3274,2390
miami (fla.),1274,3274,2390
miami (oh),1275,3275,193
miami (ohio),1275,3275,193
miami - florida,1274,3274,2390
miami fl,1274,3274,2390
miami oh,1275,3275,193
miami-fl,1274,3274,2390
miami-florida,1274,3274,2390
miami-oh,1275,3275,193
miami-ohio,1275,3275,193
michigan,1276,3276,130
michigan st,1277,3277,127
michigan st.,1277,3277,127
michigan state,1277,3277,127
michigan-st,1277,3277,127
michigan-state,1277,3277,127
middle tenn st,1292,3292,2393
middle tenn st.,1292,3292,2393
middle tenn.,1292,3292,2393
middle tennessee,1292,3292,2393
middle tennessee st.,1292,3292,2393
middle tennessee state,1292,3292,2393
middle-tenn,1292,3292,2393
middle-tennessee,1292,3292,2393
middle-tennessee-state,1292,3292,2393
milwaukee,1454,3454,270
minnesota,1278,3278,135
miss valley st.,1290,3290,2400
mississippi,1279,3279,145
mississippi st,1280,3280,344
mississippi st.,1280,3280,344
mississippi state,1280,3280,344
mississippi val.,1290,3290,2400
mississippi valley state,1290,3290,2400
mississippi-st,1280,3280,344
mississippi-state,1280,3280,344
mississippi-val,1290,3290,2400
mississippi-valley-state,1290,3290,2400
missouri,1281,3281,142
missouri kc,1282,3282,140
missouri st,1283,3283,2623
missouri st.,1283,3283,2623
missouri state,1283,3283,2623
missouri-kansas city,1282,3282,140
missouri-kansas-city,1282,3282,140
missouri-st,1283,3283,2623
missouri-state,1283,3283,2623
mo kansas city,1282,3282,140
monmouth,1284,3284,2405
monmouth nj,1284,3284,2405
monmouth-nj,1284,3284,2405
montana,1285,3285,149
montana st,1286,3286,147
montana st.,1286,3286,147
montana state,1286,3286,147
montana-st,1286,3286,147
montana-state,1286,3286,147
morehead st,1287,3287,2413
morehead st.,1287,3287,2413
morehead state,1287,3287,2413
morehead-st,1287,3287,2413
morehead-state,1287,3287,2413
morgan st,1288,3288,2415
morgan st.,1288,3288,2415
morgan state,1288,3288,2415
morgan-st,1288,3288,2415
morgan-state,1288,3288,2415
morris brown,1289,3289,
morris-brown,1289,3289,
mount saint mary`s,1291,3291,116
mount st. mary's,1291,3291,116
mount st. marys,1291,3291,116
mount-st-marys,1291,3291,116
ms valley st,1290,3290,2400
ms valley state,1290,3290,2400
mt st mary's,1291,3291,116
mt st. mary's,1291,3291,116
mt-st-marys,1291,3291,116
mt. st. mary's,1291,3291,116
mt. st. mary`s,1291,3291,116
mtsu,1292,3292,2393
murray st,1293,3293,93
murray st.,1293,3293,93
murray state,1293,3293,93
murray-st,1293,3293,93
murray-state,1293,3293,93
mvsu(miss. valley st,1290,3290,2400
n colorado,1294,3294,2458
n dakota st,1295,3295,2449
n illinois,1296,3296,2459
n kentucky,1297,3297,94
n. carolina a&t,1299,3299,2448
n.c. a&t,1299,3299,2448
n.c. asheville,1421,3421,2427
n.c. central,1300,3300,2428
n.c. state,1301,3301,152
n.j.i.t.,1312,3312,2885
navy,1298,3298,2426
nc a&t,1299,3299,2448
nc asheville,1421,3421,2427
nc central,1300,3300,2428
nc charlotte,1150,3150,2429
nc greensboro,1422,3422,2430
nc state,1301,3301,152
nc wilmington,1423,3423,350
nc-at,1299,3299,2448
nc-central,1300,3300,2428
nc-greensboro,1422,3422,2430
nc-state,1301,3301,152
nc-wilmington,1423,3423,350
ne illinois,1302,3302,
ne omaha,1303,3303,2437
nebraska,1304,3304,158
nebraska omaha,1303,3303,2437
nebraska-omaha,1303,3303,2437
nevada,1305,3305,2440
nevada-las vegas,1424,3424,2439
nevada-las-vegas,1424,3424,2439
new hampshire,1306,3306,160
new jersey tech,1312,3312,2885
new mexico,1307,3307,167
new mexico st,1308,3308,166
new mexico st.,1308,3308,166
new mexico state,1308,3308,166
new orleans,1309,3309,2443
new-hampshire,1306,3306,160
new-jersey-tech,1312,3312,2885
new-mexico,1307,3307,167
new-mexico-st,1308,3308,166
new-mexico-state,1308,3308,166
new-orleans,1309,3309,2443
neworleans,1309,3309,2443
niagara,1310,3310,315
nicholls,1311,3311,2447
nicholls st,1311,3311,2447
nicholls st.,1311,3311,2447
nicholls state,1311,3311,2447
nicholls-st,1311,3311,2447
nicholls-state,1311,3311,2447
njit,1312,3312,2885
no.carolina a&t,1299,3299,2448
norfolk st,1313,3313,2450
norfolk st.,1313,3313,2450
norfolk state,1313,3313,2450
norfolk-st,1313,3313,2450
norfolk-state,1313,3313,2450
north ala.,1466,3466,2453
north alabama,1466,3466,2453
north carolina,1314,3314,153
north carolina a&t,1299,3299,2448
north carolina central,1300,3300,2428
north carolina st.,1301,3301,152
north carolina state,1301,3301,152
north carolina-asheville,1421,3421,2427
north carolina-greensboro,1422,3422,2430
north carolina-wilmington,1423,3423,350
north dakota,1315,3315,155
north dakota st.,1295,3295,2449
north dakota state,1295,3295,2449
north florida,1316,3316,2454
north texas,1317,3317,249
north-carolina,1314,3314,153
north-carolina-asheville,1421,3421,2427
north-carolina-at,1299,3299,2448
north-carolina-central,1300,3300,2428
north-carolina-charlotte,1150,3150,2429
north-carolina-greensboro,1422,3422,2430
north-carolina-st,1301,3301,152
north-carolina-state,1301,3301,152
north-carolina-wilmington,1423,3423,350
north-dakota,1315,3315,155
north-dakota-st,1295,3295,2449
north-dakota-state,1295,3295,2449
north-florida,1316,3316,2454
north-texas,1317,3317,249
northeastern,1318,3318,111
northeastern illinois,1302,3302,
northern ariz.,1319,3319,2464
northern arizona,1319,3319,2464
northern colo.,1294,3294,2458
northern colorado,1294,3294,2458
northern ill.,1296,3296,2459
northern illinois,1296,3296,2459
northern iowa,1320,3320,2460
northern kentucky,1297,3297,94
northern ky.,1297,3297,94
northern-ariz,1319,3319,2464
northern-arizona,1319,3319,2464
northern-colo,1294,3294,2458
northern-colorado,1294,3294,2458
northern-ill,1296,3296,2459
northern-illinois,1296,3296,2459
northern-iowa,1320,3320,2460
northern-kentucky,1297,3297,94
northern-ky,1297,3297,94
northwestern,1321,3321,77
northwestern la,1322,3322,2466
northwestern st.,1322,3322,2466
northwestern state,1322,3322,2466
northwestern-st,1322,3322,2466
northwestern-state,1322,3322,2466
notre dame,1323,3323,87
notre-dame,1323,3323,87
oakland,1324,3324,2473
ohio,1325,3325,195
ohio st,1326,3326,194
ohio st.,1326,3326,194
ohio state,1326,3326,194
ohio-st,1326,3326,194
ohio-state,1326,3326,194
okla city,1327,3327,
oklahoma,1328,3328,201
oklahoma city,1327,3327,
oklahoma st,1329,3329,197
oklahoma st.,1329,3329,197
oklahoma state,1329,3329,197
oklahoma-st,1329,3329,197
oklahoma-state,1329,3329,197
old dominion,1330,3330,295
old-dominion,1330,3330,295
ole miss,1279,3279,145
ole-miss,1279,3279,145
omaha,1303,3303,2437
oral roberts,1331,3331,198
oral-roberts,1331,3331,198
oregon,1332,3332,2483
oregon st,1333,3333,204
oregon st.,1333,3333,204
oregon state,1333,3333,204
oregon-st,1333,3333,204
oregon-state,1333,3333,204
pacific,1334,3334,279
penn,1335,3335,219
penn st,1336,3336,213
penn st.,1336,3336,213
penn state,1336,3336,213
penn-st,1336,3336,213
penn-state,1336,3336,213
pennsylvania,1335,3335,219
pepperdine,1337,3337,2492
pfw,1236,3236,2870
pitt,1338,3338,221
pittsburgh,1338,3338,221
portland,1339,3339,2501
portland st,1340,3340,2502
portland st.,1340,3340,2502
portland state,1340,3340,2502
portland-st,1340,3340,2502
portland-state,1340,3340,2502
prairie view,1341,3341,2504
prairie view a&m,1341,3341,2504
prairie-view,1341,3341,2504
prairie-view-am,1341,3341,2504
presbyterian,1342,3342,2506
princeton,1343,3343,163
providence,1344,3344,2507
purdue,1345,3345,2509
purdue fort wayne,1236,3236,2870
queens nc,1474,3474,2511
quinnipiac,1346,3346,2514
radford,1347,3347,2515
rhode island,1348,3348,227
rhode-island,1348,3348,227
rice,1349,3349,242
richmond,1350,3350,257
rider,1351,3351,2520
robert morris,1352,3352,2523
robert-morris,1352,3352,2523
rutgers,1353,3353,164
s carolina st,1354,3354,2569
s carolina state,1354,3354,2569
s dakota st,1355,3355,2571
s illinois,1356,3356,79
sacramento st.,1170,3170,16
sacramento state,1170,3170,16
sacramento-st,1170,3170,16
sacramento-state,1170,3170,16
sacred heart,1357,3357,2529
sacred-heart,1357,3357,2529
saint bonaventure,1382,3382,179
saint francis (ny),1383,3383,2597
saint francis (pa),1384,3384,2598
saint john`s,1385,3385,2599
saint joseph's,1386,3386,2603
saint joseph`s,1386,3386,2603
saint joseph’s,1386,3386,2603
saint louis,1387,3387,139
saint mary's,1388,3388,2608
saint mary's (ca),1388,3388,2608
saint mary`s,1388,3388,2608
saint peter's,1389,3389,2612
saint peter`s,1389,3389,2612
saint peter’s,1389,3389,2612
saint thomas (minn.),1472,3472,2900
saint-francis-pa,1384,3384,2598
saint-josephs,1386,3386,2603
saint-louis,1387,3387,139
saint-marys,1388,3388,2608
saint-marys-ca,1388,3388,2608
saint-peters,1389,3389,2612
saintlouis,1387,3387,139
sam houston,1358,3358,2534
sam houston st,1358,3358,2534
sam houston st.,1358,3358,2534
sam houston state,1358,3358,2534
sam-houston-st,1358,3358,2534
sam-houston-state,1358,3358,2534
samford,1359,3359,2535
san diego,1360,3360,301
san diego st,1361,3361,21
san diego st.,1361,3361,21
san diego state,1361,3361,21
san francisco,1362,3362,2539
san jose st,1363,3363,23
san jose st.,1363,3363,23
san jose state,1363,3363,23
san-diego,1360,3360,301
san-diego-st,1361,3361,21
san-diego-state,1361,3361,21
san-francisco,1362,3362,2539
san-jose-st,1363,3363,23
san-jose-state,1363,3363,23
santa barbara,1364,3364,2540
santa clara,1365,3365,2541
santa-clara,1365,3365,2541
savannah st,1366,3366,
savannah st.,1366,3366,
savannah state,1366,3366,
savannah-st,1366,3366,
savannah-state,1366,3366,
sc state,1354,3354,2569
sc upstate,1367,3367,2908
sd state,1361,3361,21
se louisiana,1368,3368,2545
se missouri st,1369,3369,2546
se missouri st.,1369,3369,2546
se missouri st.(se,1369,3369,2546
se missouri state,1369,3369,2546
seattle,1370,3370,2547
seattle u,1370,3370,2547
seattle-u,1370,3370,2547
seton hall,1371,3371,2550
seton-hall,1371,3371,2550
sf austin,1372,3372,2617
sfa,1372,3372,2617
siena,1373,3373,2561
siu - edwardsville,1188,3188,2565
siu edwardsville,1188,3188,2565
siu-edwardsville,1188,3188,2565
siue,1188,3188,2565
sju (pa),1386,3386,2603
smu,1374,3374,2567
south ala.,1375,3375,6
south alabama,1375,3375,6
south carolina,1376,3376,2579
south carolina st.,1354,3354,2569
south carolina state,1354,3354,2569
south carolina upstat,1367,3367,2908
south carolina upstate,1367,3367,2908
south dakota,1377,3377,233
south dakota st.,1355,3355,2571
south dakota state,1355,3355,2571
south fla.,1378,3378,58
south florida,1378,3378,58
south-ala,1375,3375,6
south-alabama,1375,3375,6
south-carolina,1376,3376,2579
south-carolina-st,1354,3354,2569
south-carolina-state,1354,3354,2569
south-carolina-upstate,1367,3367,2908
south-dakota,1377,3377,233
south-dakota-st,1355,3355,2571
south-dakota-state,1355,3355,2571
south-fla,1378,3378,58
south-florida,1378,3378,58
southeast missouri state,1369,3369,2546
southeast mo. st.,1369,3369,2546
southeast-missouri-state,1369,3369,2546
southeast-mo-st,1369,3369,2546
southeastern la.,1368,3368,2545
southeastern louisiana,1368,3368,2545
southeastern-la,1368,3368,2545
southeastern-louisiana,1368,3368,2545
southern,1380,3380,2582
southern california,1425,3425,30
southern ill.,1356,3356,79
southern illinois,1356,3356,79
southern illinois-edwardsville,1188,3188,2565
southern indiana,1475,3475,88
southern methodist,1374,3374,2567
southern miss,1379,3379,2572
southern miss.,1379,3379,2572
southern mississippi,1379,3379,2572
southern u,1380,3380,2582
southern u.,1380,3380,2582
southern un,1380,3380,2582
southern univ,1380,3380,2582
southern utah,1381,3381,253
southern-california,1425,3425,30
southern-ill,1356,3356,79
southern-illinois,1356,3356,79
southern-illinois-edwardsville,1188,3188,2565
southern-methodist,1374,3374,2567
southern-miss,1379,3379,2572
southern-mississippi,1379,3379,2572
southern-u,1380,3380,2582
southern-university,1380,3380,2582
southern-utah,1381,3381,253
southwest missouri state,1283,3283,2623
st bonaventure,1382,3382,179
st francis (ny),1383,3383,2597
st francis (pa),1384,3384,2598
st francis ny,1383,3383,2597
st francis pa,1384,3384,2598
st john's,1385,3385,2599
st john's (ny),1385,3385,2599
st joseph's,1386,3386,2603
st joseph's pa,1386,3386,2603
st louis,1387,3387,139
st mary's (ca),1388,3388,2608
st mary's ca,1388,3388,2608
st peter's,1389,3389,2612
st thomas mn,1472,3472,2900
st-bonaventure,1382,3382,179
st-francis-brooklyn,1383,3383,2597
st-francis-ny,1383,3383,2597
st-francis-pa,1384,3384,2598
st-johns,1385,3385,2599
st-johns-ny,1385,3385,2599
st-josephs-pa,1386,3386,2603
st-marys-ca,1388,3388,2608
st-peters,1389,3389,2612
st. bonaventure,1382,3382,179
st. francis (bkn),1383,3383,2597
st. francis (ny),1383,3383,2597
st. francis (pa),1384,3384,2598
st. francis brooklyn,1383,3383,2597
st. francis-ny,1383,3383,2597
st. john's,1385,3385,2599
st. john's (ny),1385,3385,2599
st. john`s (ny),1385,3385,2599
st. john’s,1385,3385,2599
st. joseph's,1386,3386,2603
st. joseph's pa,1386,3386,2603
st. mary's,1388,3388,2608
st. mary`s (ca),1388,3388,2608
st. peter's,1389,3389,2612
stanford,1390,3390,24
stephen f. austin,1372,3372,2617
stephen-f-austin,1372,3372,2617
stetson,1391,3391,56
stonehill,1476,3476,284
stony brook,1392,3392,2619
stony-brook,1392,3392,2619
suny albany,1107,3107,399
sw missouri st.,1283,3283,2623
syracuse,1393,3393,183
tam c,1394,3394,357
tam c. christi,1394,3394,357
tarleton st,1470,3470,2627
tarleton state,1470,3470,2627
tcu,1395,3395,2628
temple,1396,3396,218
tenn-martin,1404,3404,2630
tennessee,1397,3397,2633
tennessee st,1398,3398,2634
tennessee st.,1398,3398,2634
tennessee state,1398,3398,2634
tennessee tech,1399,3399,2635
tennessee-chattanooga,1151,3151,236
tennessee-martin,1404,3404,2630
tennessee-st,1398,3398,2634
tennessee-state,1398,3398,2634
tennessee-tech,1399,3399,2635
tex.-pan american,1410,3410,292
texas,1400,3400,251
texas a&m,1401,3401,245
texas a&m cc,1394,3394,357
texas a&m corpus,1394,3394,357
texas a&m-cc,1394,3394,357
texas a&m-corpus christi,1394,3394,357
texas arlington,1426,3426,250
texas christian,1395,3395,2628
texas rio grande valley,1410,3410,292
texas san antonio,1427,3427,2636
texas southern,1411,3411,2640
texas st,1402,3402,326
texas st.,1402,3402,326
texas state,1402,3402,326
texas tech,1403,3403,2641
texas-am,1401,3401,245
texas-am-corpus-christi,1394,3394,357
texas-arlington,1426,3426,250
texas-christian,1395,3395,2628
texas-el paso,1431,3431,2638
texas-el-paso,1431,3431,2638
texas-pan american,1410,3410,292
texas-pan-american,1410,3410,292
texas-rio grande valley,1410,3410,292
texas-san antonio,1427,3427,2636
texas-san antonio(ut,1427,3427,2636
texas-san-antonio,1427,3427,2636
texas-southern,1411,3411,2640
texas-st,1402,3402,326
texas-state,1402,3402,326
texas-tech,1403,3403,2641
texasa&m,1401,3401,245
the citadel,1154,,2643
the-citadel,1154,,2643
tn martin,1404,3404,2630
toledo,1405,3405,2649
towson,1406,3406,119
troy,1407,3407,2653
troy st.,1407,3407,2653
tulane,1408,3408,2655
tulsa,1409,3409,202
tx a&m commerce,1477,3477,2837
tx pan american,1410,3410,292
tx southern,1411,3411,2640
uab,1412,3412,5
ualr,1114,3114,2031
uc davis,1413,3413,302
uc irvine,1414,3414,300
uc riverside,1415,3415,27
uc san diego,1471,3471,28
uc santa barb.,1364,3364,2540
uc santa barbara,1364,3364,2540
uc-davis,1413,3413,302
uc-irvine,1414,3414,300
uc-riverside,1415,3415,27
uc-santa barbara,1364,3364,2540
uc-santa-barbara,1364,3364,2540
ucf,1416,3416,2116
ucla,1417,3417,26
uconn,1163,3163,41
ucsb,1364,3364,2540
uic,1227,3227,82
ull,1418,3418,309
ulm,1419,3419,2433
umass,1269,3269,113
umass lowell,1262,3262,2349
umass-lowell,1262,3262,2349
umbc,1420,3420,2378
umes,1271,3271,2379
umkc,1282,3282,140
unc,1314,3314,153
unc asheville,1421,3421,2427
unc greensboro,1422,3422,2430
unc wilmington,1423,3423,350
unc-asheville,1421,3421,2427
uncg,1422,3422,2430
uncw,1423,3423,350
uni,1320,3320,2460
university of california,1143,3143,25
unlv,1424,3424,2439
usc,1425,3425,30
usc upstate,1367,3367,2908
usc-upstate,1367,3367,2908
ut arlington,1426,3426,250
ut martin,1404,3404,2630
ut san antonio,1427,3427,2636
ut-arlington,1426,3426,250
ut-martin,1404,3404,2630
utah,1428,3428,254
utah st,1429,3429,328
utah st.,1429,3429,328
utah state,1429,3429,328
utah tech,1469,3469,3101
utah valley,1430,3430,3084
utah valley st.,1430,3430,3084
utah-st,1429,3429,328
utah-state,1429,3429,328
utah-valley,1430,3430,3084
utah-valley-state,1430,3430,3084
utep,1431,3431,2638
utica,1432,3432,
utrgv,1410,3410,292
utsa,1427,3427,2636
va commonwealth,1433,3433,2670
valparaiso,1434,3434,2674
vanderbilt,1435,3435,238
vcu,1433,3433,2670
vcu(va. commonwealth,1433,3433,2670
vermont,1436,3436,261
villanova,1437,3437,222
virginia,1438,3438,258
virginia commonwealth,1433,3433,2670
virginia military,1440,,2678
virginia military institute,1440,,2678
virginia tech,1439,3439,259
virginia-commonwealth,1433,3433,2670
virginia-military-institute,1440,,2678
virginia-tech,1439,3439,259
vmi,1440,,2678
w carolina,1441,3441,2717
w illinois,1442,3442,2710
w kentucky,1443,3443,98
w michigan,1444,3444,2711
w salem st,1445,3445,
w texas a&m,1446,3446,
wagner,1447,3447,2681
wake forest,1448,3448,154
wake-forest,1448,3448,154
washington,1449,3449,264
washington st,1450,3450,265
washington st.,1450,3450,265
washington state,1450,3450,265
washington-st,1450,3450,265
washington-state,1450,3450,265
weber st,1451,3451,2692
weber st.,1451,3451,2692
weber state,1451,3451,2692
weber-st,1451,3451,2692
weber-state,1451,3451,2692
west texas a&m,1446,3446,
west virginia,1452,3452,277
west-virginia,1452,3452,277
western caro.,1441,3441,2717
western carolina,1441,3441,2717
western ill.,1442,3442,2710
western illinois,1442,3442,2710
western kentucky,1443,3443,98
western ky.,1443,3443,98
western mich.,1444,3444,2711
western michigan,1444,3444,2711
western-caro,1441,3441,2717
western-carolina,1441,3441,2717
western-ill,1442,3442,2710
western-illinois,1442,3442,2710
western-kentucky,1443,3443,98
western-ky,1443,3443,98
western-mich,1444,3444,2711
western-michigan,1444,3444,2711
wi green bay,1453,3453,2739
wi milwaukee,1454,3454,270
wichita st,1455,3455,2724
wichita st.,1455,3455,2724
wichita state,1455,3455,2724
wichita-st,1455,3455,2724
wichita-state,1455,3455,2724
wichitastate,1455,3455,2724
william & mary,1456,3456,2729
william--mary,1456,3456,2729
william-mary,1456,3456,2729
winston salem,1445,3445,
winston-salem,1445,3445,
winston-salem-state,1445,3445,
winthrop,1457,3457,2737
wis.-green bay,1453,3453,2739
wis.-milwaukee,1454,3454,270
wisconsin,1458,3458,275
wisconsin-green bay,1453,3453,2739
wisconsin-green-bay,1453,3453,2739
wisconsin-milwaukee,1454,3454,270
wku,1443,3443,98
wofford,1459,3459,2747
wright st,1460,3460,2750
wright st.,1460,3460,2750
wright state,1460,3460,2750
wright-st,1460,3460,2750
wright-state,1460,3460,2750
wyoming,1461,3461,2751
xavier,1462,3462,2752
yale,1463,3463,43
youngstown st,1464,3464,2754
youngstown st.,1464,3464,2754
youngstown state,1464,3464,2754
youngstown-st,1464,3464,2754
youngstown-state,1464,3464,2754
houston christian,1223,3223,2277
um kansas city,1282,3282,140
miami,1274,3274,2390
presbyterian college,1342,3342,2506
san josă© state,1363,3363,23
st. thomas - minnesota,1472,3472,2900
tarleton,1470,3470,2627
ul monroe,1419,3419,2433
ut rio grande valley,1410,3410,292
queens university,1474,3474,2511
texas a&m-commerce,1477,3477,2837
ualbany,1107,3107,399
app state,1111,3111,2026
kansas city,1282,3282,140
liu,1254,3254,112358
lmu (ca),1258,3258,2351
niu,1296,3296,2459
st. thomas (mn),1472,3472,2900
tarleton st.,1470,3470,2627
uiw,1230,3230,2916
queens (nc),1474,3474,2511
tex. a&m-commerce,1477,3477,2837
southern ind.,1475,3475,88
abil christian,1101,3101,2000
ar-pine bluff,1115,3115,2029
csu fullerton,1168,3168,2239
cal,1143,3143,25
cent conn st,1148,3148,2115
cent michigan,1141,3141,2117
c. carolina,1157,3157,324
ecu,1187,3187,151
fair dickinson,1192,3192,161
fau,1194,3194,2226
jmu,1241,3241,256
loyola mary,1258,3258,2351
la tech,1256,3256,2348
mid tennessee,1292,3292,2393
miss st,1280,3280,344
miss valley st,1290,3290,2400
unh,1306,3306,160
north dakota st,1295,3295,2449
n arizona,1319,3319,2464
northwestern st,1322,3322,2466
pv a&m,1341,3341,2504
uri,1348,3348,227
sacramento st,1170,3170,16
saint joe's,1386,3386,2603
south dakota st,1355,3355,2571
usf,1378,3378,58
tenn tech,1399,3399,2635
md-e shore,1271,3271,2379
ut rio grande,1410,3410,292
uva,1438,3438,258
dixie st.,1469,3469,3101
mount saint mary's,1291,3291,116
saint mary's college,1388,3388,2608
seattle university,1370,3370,2547
saint john's,1385,3385,2599
maryland eastern shore,1271,3271,2379
uta,1426,3426,250
texas a&m corpus chris,1394,3394,357
arkansas pine bluff,1115,3115,2029
bethune cookman,1126,3126,2065
cal st. bakersfield,1167,3167,2934
louisiana lafayette,1418,3418,309
mississippi valley st.,1290,3290,2400
st. francis pa,1384,3384,2598
southeast missouri st.,1369,3369,2546
st. thomas,1472,3472,2900
illinois chicago,1227,3227,82
louisiana monroe,1419,3419,2433
tennessee martin,1404,3404,2630
queens,1474,3474,2511
texas a&m commerce,1477,3477,2837
texas a&m corpus christi,1394,3394,357
southern university,1380,3380,2582
california-baptist,1465,3465,2856
north-alabama,1466,3466,2453
cal state long beach,1253,3253,299
purdue-fort wayne,1236,3236,2870
east texas a&m,1477,3477,2193
fdu,1192,3192,161
iu indianapolis,1237,3237,85
iu indy,1237,3237,85
le moyne,1478,3478,2330
mercyhurst,1479,3479,2385
uc-san diego,1471,3471,28
west georgia,1480,3480,2698
albany great danes,1107,3107,399
centenary louisiana,1147,3147,2113
chattanooga mocs,1151,3151,236
east tennessee st,1190,3190,2193
east. washington,1186,3186,331
illinois (chi.),1227,3227,82
jacksonville dolphins,1239,3239,294
liu sharks,1254,3254,112358
maine black bears,1263,3263,311
md.-east. shore,1271,3271,2379
merrimack warriors,1467,3467,2771
middle tenn. st.,1292,3292,2393
miss. valley st.,1290,3290,2400
n. carolina central,1300,3300,2428
nebraska o.,1303,3303,2437
new hampshire wildcats,1306,3306,160
queens royals,1474,3474,2511
richmond spiders,1350,3350,257
saint josephs hawks,1386,3386,2603
san diego toreros,1360,3360,301
smu mustangs,1374,3374,2567
south carolina st,1354,3354,2569
south dakota coyotes,1377,3377,233
southern univ.,1380,3380,2582
st. john's (n.y.),1385,3385,2599
st. louis billikens,1387,3387,139
st. marys (ca),1388,3388,2608
st. peters,1389,3389,2612
st. thomas (minn.),1472,3472,2900
ucf knights,1416,3416,2116
umbc retrievers,1420,3420,2378
und,1315,3315,155
utah utes,1428,3428,254
utah valley state,1430,3430,3084
utsa roadrunners,1427,3427,2636
vcu rams,1433,3433,2670
wisc. green bay,1453,3453,2739
wisc. milwaukee,1454,3454,270
tennessee volunteers,1397,3397,2633
iowa hawkeyes,1234,3234,2294
oklahoma sooners,1328,3328,201
usc trojans,1425,3425,30
california golden bears,1143,3143,25
illinois fighting illini,1228,3228,356
lsu tigers,1261,3261,99
creighton bluejays,1166,3166,156
nebraska cornhuskers,1304,3304,158
dakota st.,1355,3355,2571
harvard crimson,1217,3217,108
miami university (oh),1275,3275,193
mount st. mary's (md),1291,3291,116
u miami (fl),1274,3274,2390
louisiana (lafayette),1418,3418,309
md eastern shore,1271,3271,2379
new haven,1481,3481,2441
st. mary's (ca),1388,3388,2608
